{"cameraMode":{"drawMode":0,"name":"Shaded","section":"Shading Mode"},"sceneLighting":false,"audioPlay":false,"sceneViewState":{"showFog":true,"showMaterialUpdate":false,"showSkybox":true,"showFlares":true,"showImageEffects":true,"showParticleSystems":true,"showVisualEffectGraphs":true,"m_FxEnabled":true},"in2DMode":false,"pivot":{"x":-1.9370768070220948,"y":-0.2950804829597473,"z":0.11092561483383179},"rotation":{"x":0.18401366472244264,"y":0.6159926652908325,"z":-0.15094587206840516,"w":0.7509382367134094},"size":4.300273895263672,"orthographic":false}