{"cameraMode":{"drawMode":0,"name":"Shaded","section":"Shading Mode"},"sceneLighting":false,"audioPlay":false,"sceneViewState":{"showFog":true,"showMaterialUpdate":false,"showSkybox":true,"showFlares":true,"showImageEffects":true,"showParticleSystems":true,"showVisualEffectGraphs":true,"m_FxEnabled":true},"in2DMode":false,"pivot":{"x":0.20993465185165406,"y":-0.07882565259933472,"z":-1.5277297496795655},"rotation":{"x":0.07355055212974549,"y":0.9118664860725403,"z":-0.18751336634159089,"w":0.357672780752182},"size":5.844003677368164,"orthographic":false}