{"cameraMode":{"drawMode":0,"name":"Shaded","section":"Shading Mode"},"sceneLighting":false,"audioPlay":false,"sceneViewState":{"showFog":true,"showMaterialUpdate":false,"showSkybox":true,"showFlares":true,"showImageEffects":true,"showParticleSystems":true,"showVisualEffectGraphs":true,"m_FxEnabled":true},"in2DMode":false,"pivot":{"x":-1.2990800142288209,"y":-0.056974053382873538,"z":1.8744957447052003},"rotation":{"x":0.32143867015838625,"y":0.17614026367664338,"z":-0.060984574258327487,"w":0.9284040927886963},"size":0.8241384029388428,"orthographic":false}